x1data,x2data,ydata
0.8678728789725371,2.111292275157921,0.47927758
1.6083080957890328,3.6891372137229044,-0.8387335
1.292927349765773,0.5041729124300509,0.15795253
0.8321932204283272,1.6053286486053409,0.029442549
2.635075035544508,4.847575304542249,0.07691679
2.415110684842259,0.06449150877930798,-0.47033173
1.9533169454324584,3.7775136520605264,0.26977277
4.013812756399865,1.7337078645895065,-0.15224041
4.903788278482354,2.6466141693105723,0.5070241
0.4721572428570808,3.9640359643791783,-0.47891253
2.723790386917523,4.576876589110158,-0.117455855
2.1695710975215614,4.53705282292064,0.17249793
1.0561418599756744,0.9454500811327904,-0.49339485
0.9171457743501621,0.9967471465993483,-0.5387158
1.7375419448788265,3.9197750320873155,-0.47865474
3.1132360251563433,4.924439173605174,0.029825954
0.13492376249984894,1.29902795554509,0.16744153
4.893192689145488,2.4588157140368243,0.47987905
4.94655843731209,3.3849084165661436,0.37809706
0.2764911315754376,2.733027278532129,-0.90148747
3.1749025809039106,0.23391446487167067,-0.16113122
4.186677271114615,4.081293981662871,-0.5139244
3.299799619974651,0.789224675663297,-0.50089645
4.060092655745933,3.1506420397570856,-0.9928918
4.479188778407539,1.660776448828355,0.03541039
2.901058213459613,0.7597227997040423,0.6765679
2.5222178542814144,0.9263918929353465,0.026838183
0.36330285990118283,2.71750495095415,-0.8840234
4.1153473272535095,3.7718684583025435,-0.7980548
1.7520776568197176,3.5707579906352196,-0.56052333
0.4579250698723625,4.481848459914507,-0.17199224
4.677404878725215,2.7704878914398923,0.91774756
4.43245106987877,2.036430438117449,0.07650368
2.714646330670954,2.010333802509467,-0.35970113
1.6803857050099846,2.7207414060323303,-0.77906287
1.2912985465934501,0.5884262051874578,0.14340338
2.5141807745997857,0.4393081580309016,0.0041283905
0.21241283188178417,0.6220097411372943,0.7097644
2.011100818035466,1.9988632371784476,0.24485342
3.3100903578886016,1.9075765822556563,0.24653511
4.264053102848498,0.1163497587470419,0.61754924
0.8176705360760517,1.3329821197344542,-0.1912133
4.991570198794624,0.6448588991769238,-0.1389304
1.0413461481034092,3.431933317978822,0.8434167
0.4750753713737177,4.726139743116592,0.009481426
4.943015033354144,3.067976515865611,0.40441796
2.556281117846667,3.696841512877629,-0.18141285
1.7573210020504155,2.4888212204572864,-0.47332633
4.936130125408459,4.617007000621588,0.041452557
4.2460453462397565,2.964783042715402,-0.6789406
1.714758731526815,3.792147928334908,-0.5982637
3.72110027987852,1.0922255242231305,-0.1113419
1.047405992786052,1.9479910694372415,0.3187404
1.5423670664858862,0.4087480219416578,0.90825117
1.25709369819752,3.318322132156962,-0.002365596
1.3157390961631799,3.6522028660237704,-0.2540999
3.771523257114979,0.9215310255890641,0.005012742
4.89037743943025,0.8081318034883117,-0.43509528
4.9927194676268165,2.8064097776515835,0.15891583
0.08047501343553087,2.8468956063275423,-0.3746877
3.492914193833838,1.3939711122681868,-0.17310575
4.888590618797584,2.7993669670874106,0.59946585
1.1210670064671864,3.3292237304350456,0.6161978
3.491149904271488,1.5514814513487762,-0.019004218
3.846354252769591,1.5186378274312968,0.019530367
2.652309020457336,3.0010099418292246,-0.6340626
2.3598914068158354,1.4274711943085516,-0.099146284
4.90407112095841,0.07094501509193551,-0.5733752
0.7117642491971282,3.323576969631911,0.39853886
3.6335533867077747,1.5064912568513504,-0.04047101
4.699262618170374,3.4387338826770653,0.9541984
4.99380160000963,4.5715624681283735,0.022885093
2.2637669321862646,3.1253124557075145,0.9482024
0.3022186801558979,0.052638593968098446,0.9967579
2.5201024614884955,0.8082954670605325,0.023509922
4.201507044984536,0.9636066168103141,0.47514156
4.6658399208926085,1.108549254660517,-0.43401873
4.134088832948376,2.9523638152605107,-0.9515174
0.6694426779586204,3.1854795541297776,0.2039266
2.5575266172822406,3.9204040163002407,-0.15617783
0.9127820420245358,2.9798415533094995,0.9759822
3.7881529566412118,4.629150736707117,-0.0076081306
3.1459193526988685,3.3418757669283385,0.021153916
0.6007937278969994,4.240152620974367,-0.06231905
1.2479105164152222,0.09881764357469958,-0.043387465
1.4092880055298174,0.08611691910289265,0.688788
4.1441867474411405,2.44600712251206,-0.73334116
1.846701518784633,4.173344582716301,-0.09762268
1.5539833246454815,2.7376108825192964,-0.91610765
0.9954709876463663,0.1533804944390299,-0.95388144
2.649980595904655,0.6219747341152271,0.5132525
0.0035762735225114417,1.764356472766429,-0.0033970037
4.781399062218567,2.239719392013908,0.583651
0.9903984045418945,1.1502340681976497,-0.39665028
4.511602601585477,0.10766298953095388,-0.5338578
3.122236427284162,4.241412848820653,-0.043942504
2.0018673547057513,2.8979244469611247,0.53550667
3.8700868739267973,3.9247663882849135,-0.34030658
1.4012148225028636,4.8256653958566815,0.074833274
0.18483650928393547,0.9040463948825816,0.49372947
4.686442201170085,1.4537533151294175,-0.11564603
3.6619666021740778,1.8436399693794236,0.1384634
0.24241835799101108,0.3074489558340304,0.89263237
3.499790289702024,2.2822529184291858,0.6370425
0.5866556782166532,0.6732387492450298,0.16173242
3.1928564528749415,0.4287138394678697,-0.23063965
4.788870152511626,3.2830390230504247,0.9186201
4.0861223065138645,3.3063401107747663,-0.9863851
4.010259844783833,0.5613109057203769,0.7896703
3.2925337576002587,4.567575138938346,0.09879808
3.2388287376938214,4.369710987279088,0.15690826
1.1006492731043693,1.1342413943300507,-0.29743502
3.6394945434604327,3.6663098926266,0.5252671
1.9289092467419637,3.481693599892094,0.20531149
4.397008805513241,2.570866595067849,-0.0051554665
4.7098369154361235,3.0134632278802482,0.9917878
1.6849145356321793,0.21045972438684557,0.82316387
3.786505138263518,0.01449982182990972,0.08276417
4.8946372012333486,0.7189933416630556,-0.46112284
3.2585151740232905,1.8596361353929702,0.15717837
4.477684061628822,4.469268896523549,0.09318192
1.3299567984713012,4.76002066175564,0.017035302
1.582312722543463,1.8655706359802777,-0.28992367
4.924863114479313,4.769940863428537,-0.027926141
0.6866324505434984,2.6504779577414688,0.25334403
1.17261880918764,0.6410578259211686,-0.32675675
0.256592415533905,0.5145998977271382,0.8348709
0.95700408919703,0.20514040145539758,-0.9765948
1.9790242040274202,2.277421671607419,0.2942008
2.076935212532528,3.7493259259567973,0.6722939
3.5675057748700727,2.1987112045894635,0.49803513
0.9594049839838964,2.062718704477062,0.47061795
1.509637643278462,0.5111410887856888,0.8315899
4.177321750682192,0.5337877984990436,0.7688719
4.616379975164003,3.529356376962593,0.82101494
2.576215043644219,2.1380858016847233,-0.16631533
2.1137345490131594,2.3036508638867526,0.60896677
3.5908700999173915,4.452660451901413,0.20044452
3.7605938049763834,2.459761259132227,0.036288433
1.2908657694518577,3.3263837144016346,-0.16731927
0.4838994327208135,4.526654693650448,-0.12225313
0.8421053660911848,2.1880861289147733,0.5076176
3.401487325269743,4.985192513899659,-0.25955173
3.4408091704125825,2.759074022644614,0.9252288
0.6664975652250416,2.4240331061620917,0.143084
3.853344743266361,2.8633295796114955,-0.38967836
3.0986607606674204,2.8231417202267224,-0.20234895
1.8684118221155155,2.3114206032710887,-0.05578029
2.428172324563204,4.366396268401572,0.14003792
4.8027541510903395,4.012842706761577,0.5792647
0.5247869368892438,4.932629346492149,0.10800868
1.2048502729912547,3.4761948248078745,0.24180576
0.5604791677693594,2.9105955351564248,-0.32383654
4.743344461051199,4.028018157097456,0.6246248
0.9563624758941291,4.69968934935194,0.012707879
4.704779167502396,4.868190794766692,-0.15510951
3.9820416530638445,2.6504626897584203,-0.76969427
2.1871112912312296,2.9383609900632344,0.9777694
2.9178532110181514,1.9222510129298787,-0.30960935
4.391174833400939,1.9222024686734551,-0.012228923
3.8865162914619633,4.586537102368547,-0.06913646
1.7256229754183865,4.197555578731707,-0.35197705
2.628073960901573,1.5512840504877197,0.01051639
4.6758352343775265,1.08291913870608,-0.4610545
3.568219630263538,1.5113470622678187,-0.050352365
1.4420863159885844,1.3429168241248375,0.1809288
2.114298353230766,0.8406437787532883,-0.60786456
0.9114873564770043,1.2481604634833303,-0.3133404
4.410193279840266,2.63356677571387,0.05236048
4.541622643120562,2.587018196832705,0.55852824
0.2940414956873111,4.536419737947082,-0.17400275
3.4245942469956203,1.7172328988289287,0.14423415
0.9960878460132705,0.42767117722045167,-0.8774435
0.44536828723175936,4.0216716364306535,-0.50468224
2.0864966132759037,1.856122835882736,0.23799269
2.07538953187713,3.8740370990665185,0.6056258
4.747598256743096,4.525379320958753,0.1831212
1.944848374983141,0.8628641607294191,-0.19159558
3.0199612615540183,4.770749600557838,0.033390388
4.460780452217772,0.8404328709205733,-0.20530725
0.967477908555146,4.640976150255824,0.07088082
2.984991313169043,2.5496532280145434,-0.58534914
0.5862438648549295,3.1442877179571402,-0.2089944
4.1387126138553665,4.742533878227638,0.029023996
1.1503568899806504,2.454826699995171,0.3919225
2.8137139417226464,4.418625267465275,-0.28905076
1.6426882913874956,2.951668562526243,-0.91929287
3.424259265890694,1.1548697736726203,-0.3990996
3.2525525933535104,0.804928832339249,-0.36513376
1.1688853135486377,3.279023928764786,0.4209158
4.3452321983146875,3.499457271675505,-0.24513224
3.211107193012679,4.988134085000363,-0.09262873
2.73186681043647,0.9384042628216988,0.5247896
4.012854273054481,4.536405771226044,-0.1642223
2.9507181702998677,0.8973944226272373,0.5088937
4.680388890872191,3.400651268894521,0.95408124
4.832218088709894,3.587749701918928,0.7449646
4.5928273578392504,3.6814470787104088,0.70911574
3.2898476338089373,1.2446832951269027,-0.21646324
0.8610534270208475,2.07499756908158,0.44357875
3.789525701034288,0.25457221235542893,0.09499088
0.5009017691191286,3.660165657770189,-0.5165419
3.4180486444477785,4.53005896424181,0.17811732
0.5029264249882143,0.9573700177650585,0.33769745
4.526548839995547,2.9696603511644453,0.5897315
4.11851942212269,0.9664943486248728,0.5598488
2.3269779885634434,0.23284735192591555,-0.7807736
3.2539766656830293,1.1047849342890592,-0.23945197
1.6049146036126798,4.270783842093459,-0.42103752
0.9790435321863017,3.9671462224435556,0.6670003
4.716328441731488,2.101882641139036,0.5064375
1.0126512290020173,3.5637161851442305,0.8567402
1.203569192131822,1.1460367446992137,-0.10814056
4.532341116571439,2.5740744904776873,0.52414495
0.5233463147540568,3.8985786410374894,-0.3643413
2.723606250861359,4.55855775203605,-0.13313663
4.886525652374497,3.6240205543141175,0.57085156
0.5577210454824838,3.413288433814274,-0.33300644
2.7572084442224782,0.9573615802417046,0.5406757
0.23366812432699335,0.10541460578803508,0.91492045
1.526575167922089,2.4274812592927493,-0.7373145
0.9669658910231471,0.7834951453393013,-0.7030998
4.285756762015198,0.24337969695121475,0.51760775
0.7032327736491212,2.920014814899543,0.35695192
1.2577550620823792,0.13570150369230594,0.0053937547
2.743791314474013,4.273866141843364,-0.38796592
1.6473510286021802,3.4244534433824465,-0.89070654
4.7767209381448,2.926629539814268,0.926905
3.4739165764571878,3.385728015565957,0.96620893
0.5275903974610402,1.9530745929533766,-0.18000507
2.492596931035429,3.6420075308976734,0.09069751
3.243852897505239,4.116100062281889,0.27470303
0.05023667100452711,1.4630128119201047,0.026575778
0.9115016235259094,2.4897413118674234,0.7854073
3.532005844731972,1.9956763489388551,0.3825372
2.8532595807232726,1.4767354330760507,0.09295425
4.309455882115699,3.3272468163398505,-0.42204747
3.2949746872656593,4.030548824915402,0.4372821
0.20105511803994613,4.360454126087347,-0.2908814
3.1580031736477734,0.09632895153489307,-0.081455775
1.279505524017296,1.9587486053013226,-0.043065686
1.3498131100593498,4.141421528498721,-0.24279907
2.491038394219429,3.174067774816791,0.110844344
1.6540427453950302,3.198357528983281,-0.9131547
4.536412134832223,3.196518773449213,0.63640994
4.021939135147867,0.49999350094144523,0.8356003
1.5769853718791127,0.4243845246753447,0.91089886
1.1842967791565533,0.3206253880275006,-0.33589727
3.078087976459593,3.5416618856409174,-0.28770298
3.3707183022356397,0.5225131250234882,-0.789492
2.8320251345578735,4.494695355991173,-0.21594091
1.7450135280654506,3.0574904359310913,-0.6418667
0.7833457630286883,4.177252251270069,0.35664132
2.4246949087904595,4.439252802825469,0.11563344
3.1338653951538182,2.963919590964663,-0.038104385
0.3259286044735571,0.30886217829199925,0.9509997
0.294743900987684,2.5730991898601383,-0.838753
4.729868455374204,4.955074074346943,-0.23939094
0.8841771490173705,4.630724864535774,0.0780433
1.9624108633608894,1.2791566437753543,-0.10855117
3.0348013303619004,1.0127048519004989,0.26944318
1.030095281702192,4.175430056896552,0.46325007
1.8432275429883604,0.3650643789233421,0.1934085
1.874217142609652,3.729338925337201,-0.044667143
0.23397966952114713,0.09056348876271603,0.91701657
1.3852070527354032,2.5537495035336244,-0.4988013
0.9853249073819964,4.453151571679629,0.25036067
3.6448780109623167,1.8214202170684857,0.14508468
0.7968294314595542,0.1052786632535807,-0.7421259
3.5914872081490676,4.468052189747593,0.18828005
0.7223271937494297,0.21966945778477742,-0.4419319
4.715656737891825,4.042794425976594,0.6206367
2.9649481208869393,3.5001554090623093,-0.7234971
0.2798398905311672,2.9775184555302103,-0.9720457
4.4844675175887145,2.608964086364287,0.35995978
2.5000052415321865,2.8292182469252154,0.06320479
0.333360041882782,2.8635055714061206,-0.9572777
2.9260989045938697,0.8611606761468427,0.5738472
0.18997737284666694,3.6894752993498208,-0.69445485
3.5842734582155407,3.79497001809216,0.635836
2.377652252349209,2.55415427797,0.52225494
4.2198979242733765,0.8024101996351285,0.5408582
0.005978371916354197,1.5471346512692112,0.0006413509
4.0158802660822825,0.3585052146089507,0.88248485
2.727551889781786,2.285177492659426,-0.57519454
2.801586103687907,3.078729036318384,-0.98977387
3.0884004052819636,1.5101227300719526,0.01588122
1.3499836826277738,2.7050840507990475,-0.4077352
4.865430448383107,1.3963885264231362,-0.1250051
1.5222207308941105,2.9766287298143213,-0.9573553
1.19074977625936,0.3441008604618234,-0.30466074
1.7511073420608392,2.296674779152121,-0.41180468
3.0090844794766003,4.333407768590561,-0.2275825
0.39332372058669296,3.945030700696286,-0.640584
3.7033894290903384,2.7524886796671497,0.30202615
2.9123901223275017,0.19288229641545973,0.89429796
1.4665875722957877,3.2764100758291375,-0.85936856
4.3534735477231425,2.887362225971593,-0.21486242
4.7120794475049275,2.6387169969721964,0.87615365
0.0496503861865949,0.40451921398401647,0.22582315
1.2554163286583435,4.536923216081872,0.001136868
0.5575214982214982,2.3242754739528277,-0.23722571
4.5125434161651645,1.559923633845185,-0.005777629
1.6892188575181766,1.2914998899305652,0.22860347
2.473039052309338,2.8115039373295043,0.18901734
4.821355191563313,4.619839929660707,0.07907791
0.45061232507721427,1.7584899432880214,-0.14469355
3.692582432647668,2.7662564594440315,0.3508891
1.7759931031016136,2.7899720437188598,-0.48653764
4.737822774434067,1.2325183014304164,-0.32921436
2.4158794507580197,3.437448500081217,0.4478085
2.1281395922060797,1.1695703422007804,-0.3663459
1.6012381142465708,0.9751744014555264,0.55449504
1.7301226229518296,4.151868215751882,-0.3718054
1.9631447035497873,1.4092396491479708,-0.061416022
3.94543066536474,4.04557987706924,-0.47573757
4.378473977234615,3.2337616927873225,-0.09833113
4.1942154384151955,0.46263591233009604,0.76267993
1.1476534124778148,4.428985459683885,0.14499706
4.072486702753672,3.08593328800626,-0.99665505
0.08956101880674139,4.0370624952709715,-0.2708206
4.662873038809132,1.7955517903678313,0.21604183
3.7386896730039028,1.2357668459233802,-0.051156547
0.900188034799827,2.163203012370306,0.54600453
2.7928161829944442,3.413303305755293,-0.9489001
3.8776915038528776,2.0507155778327544,-0.23676687
1.2064599441306005,1.323179334705089,-0.060783923
0.6919315246367103,4.505402097660031,0.064260975
3.161078461932485,3.5781287905569026,0.08814414
1.555466184230521,2.170504234564638,-0.5626935
0.38036913536407313,4.560253059934138,-0.14338735
0.684114321742264,0.09015895726933454,-0.27414516
0.9492374964154365,2.3926741591610616,0.73220533
1.6332190343443032,1.5283312923046133,0.040434908
1.3246757448496904,0.7453769454047243,0.24516262
3.866183607687894,4.685525803854697,-0.012616793
1.941661923348419,3.0708718559726504,0.27931598
0.08664559816795592,2.5523261823156385,-0.34907487
4.705933926050777,4.412030113326698,0.29571223
2.9493286795499696,4.906437347632799,0.15802045
2.7697319030835494,2.529097598239047,-0.78433144
0.08949129888322971,3.884160526053186,-0.31879622
0.4042451801221675,2.4667004744987726,-0.7029155
3.398512708217989,0.5429759097323622,-0.8214094
0.35041086371432995,0.567025884803512,0.82975626
4.191053352194964,4.012424638195308,-0.55430144
4.314896501444957,0.11666032590411823,0.4020058
3.654263278947278,2.7103399118732288,0.49640918
3.6366685436553188,2.615018697741301,0.53415906
3.7423794445786047,4.8261821780507175,-0.01574826
4.279127269441907,2.4204735889083673,-0.42140183
3.8971722318238458,3.0219630077692736,-0.59000516
0.7127103591995498,4.388281893475842,0.13025573
4.166561744134957,0.20609833005421407,0.89689696
0.7208982134188074,4.276799578299272,0.18858801
4.9270948471921425,4.748877054824754,-0.017474446
4.042520093739539,1.058474585598277,0.47969273
3.7750439170740564,1.184981455951205,0.00963194
4.017005596793201,2.708283451133476,-0.85719025
0.0018704820051301807,0.6828704017714454,0.0074439924
0.14347849199933926,3.8265688129738162,-0.5093143
3.4623141831869484,1.7535758711532252,0.18160984
0.7773464513905282,0.8110004661136766,-0.46701437
1.6015872885611593,0.4406153779890326,0.89398015
1.935109305254672,0.4446050347481839,-0.22385962
3.63640147623188,0.7992604825579624,-0.43156773
1.5691141968056022,1.8776722569053206,-0.30202028
2.111442344995738,3.832943383879586,0.697465
4.996211631603606,2.289351503831978,0.09951852
1.7740953872585674,3.5947990181051237,-0.47319138
3.4972928557351923,0.5433524261537592,-0.8375072
2.4249919253032437,2.7136884633637237,0.3887187
3.872466705910154,2.4144160613223726,-0.3664625
4.844304885020282,0.5423257309049506,-0.6767757
2.458023979613696,1.2075356165053852,-0.09703
4.762801566552589,4.2949907411389345,0.39242294
2.9373111691371663,2.3196663478954327,-0.58045983
4.82874826763776,4.980816785155736,-0.2214617
0.7320850145046093,0.6140745730021147,-0.40534267
3.4133623476258403,4.482021322117949,0.22308762
1.861501540787755,0.29133101428341135,0.1121233
3.3269025099035128,0.26750922184025805,-0.7710486
0.367952961731034,2.109655908222539,-0.49464294
1.6784424239902718,3.4227869878292605,-0.824899
4.1660539098665526,2.2199379736547615,-0.5543791
2.480590965968757,0.06541464929497254,-0.16219449
3.348910767061555,0.6812168403021107,-0.66850823
2.7854588813657575,0.3069119717065455,0.9322582
4.541572008118474,0.5266416585616068,-0.56803924
0.5748857007266561,1.0762386103561012,0.12533571
1.2589020569138931,0.20098559451300624,0.010990456
0.20433982927121674,2.6901094460920643,-0.76748383
1.2909598548525325,1.5002983522303208,0.012063327
4.60613404755143,1.4550247568962678,-0.09959319
4.06279099311882,3.9378324690891593,-0.69546
0.4169018081754339,2.4188581859575047,-0.65302795
3.5842456084119005,4.222056889491663,0.3771546
0.10569987664194092,2.273607292442214,-0.32586348
1.3251741138336237,0.6754426008796116,0.2623023
2.4949901738108453,4.755068867831191,-0.0038044238
4.745091723136683,1.7771191306764422,0.20221312
0.02955154372225488,0.607057016082797,0.12094787
2.9866640307905117,4.662912607049782,-0.034444787
2.2873539963921763,2.359774873937966,0.64151525
4.508252541863928,2.397937181296058,0.3849776
3.3937119736535823,2.2889876708582757,0.6266868
2.057117128256229,3.1835296176238104,0.7574949
4.876210835068303,4.300558013039821,0.27344966
3.499889723319405,1.0669355854454836,-0.4709964
4.286358298199213,3.085597404426306,-0.529952
0.9496345208305962,2.7778336659883944,0.93418556
4.032233170064256,2.440068245972975,-0.7384352
4.571329468988948,4.068943919753853,0.4567053
4.678233161472175,2.214614930557941,0.5915142
1.9469132060201293,4.988679011101895,-0.08313944
4.045472500874435,0.6288085794127779,0.7938933
4.135005896789664,1.0367934484731016,0.49241868
2.9247675836613984,4.1347432255579895,-0.48268783
2.9775874161976352,2.279207858847114,-0.4758097
1.6353307444367182,4.2046559155255245,-0.46117234
3.195899807652407,0.03988020669126735,-0.2680777
1.8823529055047157,0.6480169684914416,0.010440587
1.9156279628250665,4.584172486996043,0.019620731
0.3507044851729596,3.960862121541582,-0.67129457
4.435847207340734,1.1259252693473814,-0.08046174
4.64690487521027,2.8568073771555524,0.9088333
4.203568962271256,2.054400195107272,-0.38446692
3.802113544183468,1.63708729263701,-0.010714307
1.3780882123622729,3.5690320471626293,-0.5191815
4.10291339575862,1.59466086551034,-0.023666702
0.13858522216353364,0.6473679885916778,0.50968313
4.1055935586834,1.1527346988519438,0.4036233
2.273042727468228,3.559522173006716,0.8522401
1.173626385172855,4.917034172055963,-0.0820004
4.543301616515948,4.503248390557867,0.13772911
0.34494151409722673,0.10508023018611923,0.98265
2.5625674866317616,3.2117470943157205,-0.24340218
2.6417717493555726,3.8583866140564105,-0.4517898
4.201878679152113,0.10100746768492486,0.8272872
3.9811491648230977,1.3365382625976197,0.20199932
3.3025334585382806,4.37083845924639,0.24142757
0.82868967803082,2.1257846273694154,0.4439417
2.3152858326618113,0.7681024289953164,-0.6012865
3.9590704287147815,3.559944876216184,-0.74110794
2.814022956188885,1.6008770028441281,-0.029923292
0.13844940847926868,3.194370991232007,-0.6372611
1.8521479371892502,4.61813838821704,-0.015427281
2.893299183969126,0.8328482673463811,0.6366082
2.828625509346716,1.630877841634664,-0.06013621
0.4109019081034204,4.698194151331955,-0.012464756
2.6237705096146646,2.3383835610241084,-0.36426342
2.8139835587448054,0.28668406212678743,0.9568783
0.6914735358651403,3.3193131920144476,0.3058578
3.2423202517732808,3.7113290299167105,0.40635028
3.3300639193751236,3.063812296205988,0.80663896
2.8436053558608165,3.2019426627659726,-0.99489653
2.1133275779915213,3.2974168283411216,0.89819765
3.495564177378621,4.733619043671538,-0.020855999
0.9329267722518586,4.165529603273022,0.5193897
1.393105729366676,2.004466210463272,-0.26496008
0.11440312550487441,0.027197817841435046,0.5410653
3.746807906720186,2.662678490792774,0.10240976
0.7269421716867436,0.3597090603497788,-0.44316307
1.046581044880321,3.885235078965567,0.63855845
2.3357854718190225,3.8004545829954903,0.6130819
4.290453216803622,4.176227797180838,-0.2622647
4.181286266175552,4.944539114126867,0.20340508
3.690117530454061,1.8975692468229666,0.124837704
3.561647931982641,0.2787780513445659,-0.82979065
3.8863454642208777,2.9978896623254956,-0.54407257
2.8650816146995206,2.5810243024255812,-0.8320828
4.2312617315832295,3.252557295539407,-0.7366276
0.23918024974723562,4.854501278756393,0.13175657
3.517396888670579,3.2172316928244933,0.9500906
2.26715360762976,4.003645335361695,0.61360055
4.139873840857467,3.1284049551339725,-0.9610503
4.850769803975047,4.920735580644355,-0.15932462
1.0885114263116735,3.3995371593399124,0.72043985
3.6993862107566162,3.683302026828314,0.29575223
4.735655172618308,2.347938790921415,0.6965028
2.9722943450755452,0.30636777217818045,0.7138784
4.231494873275175,4.234890597184363,-0.34014073
0.8219522149990444,0.6833158252066923,-0.6388107
1.2024509136041228,4.9818911352719475,-0.07121622
3.1273691682032605,2.3329147156109977,-0.049069826
0.48068536157451824,3.978513075360222,-0.45049745
3.6509203668913335,2.3407588391914698,0.39009666
1.9162917347031994,2.1091313011008435,0.0800624
4.726434982717674,1.4055173828621847,-0.1641084
2.2872098002643826,0.9599320486499219,-0.51888543
1.628892637987604,4.358883303323455,-0.3315592
3.984135243678491,4.963322234705435,0.21794967
0.5447862710014056,2.5018739548737474,-0.32523033
0.8299988499513355,4.049936117753743,0.5203344
1.2473547550863506,0.06544881109902145,-0.046264682
4.824521412095846,2.429896340404558,0.64133126
2.3999740866907873,1.2920439191442918,-0.1475855
0.3752139621400502,3.024069653533108,-0.94717604
1.41472093376164,2.4259506996706204,-0.5363956
0.9192359248042764,0.042092619056538494,-0.99233145
1.3514181500468632,4.525614613719527,-0.08470552
3.2440577915795537,1.0046726951144358,-0.2628532
0.5877447555985255,2.5874674297173095,-0.17128627
1.163322998122116,4.101561864662517,0.257934
3.8355116533343026,3.6454711740408263,-0.28208262
3.343445053175132,0.10081527904418797,-0.8422364
0.4583509517965817,1.2863622366864762,0.21076927
0.8311508251839589,0.49762785555240663,-0.7461395
2.104713429050701,1.411274488895562,-0.1413203
1.796615250120281,1.9726578062926425,-0.16723953
2.757834761801088,4.259242661335491,-0.41156402
0.0004353238219334532,0.833286566585032,0.0013042877
2.9780616860780427,4.33498730297732,-0.26865774
4.948876231500112,0.5807009897733378,-0.31657168
1.269304898301682,4.804687477722143,0.0057249223
4.5876030224895175,1.0638392306764706,-0.39401475
4.943927490364927,2.310602680833224,0.270561
3.6485172866037145,0.8310876032187076,-0.38464224
2.5209474348559775,3.304262204036981,-0.03765099
3.1229863633850528,1.2003637561783593,0.033488292
1.6501036474507886,2.2925605576221164,-0.6095196
4.418074104620284,3.852268783072508,0.07503255
3.6327967629103104,3.9596639695074187,0.43303853
3.9000733667557137,2.1474931067547036,-0.33036914
0.7173880085804302,4.067559844646053,0.25896463
1.2539474091706115,0.39156741570321285,-0.012465001
2.1709023162660017,2.8987667658114695,0.9608113
0.13478796678509208,2.009263760895927,-0.2650463
2.575031465178412,0.33535559477305077,0.28708923
4.9685828232630165,0.5755781317106007,-0.23974565
3.700549584939223,4.996322880858671,-0.09530539
1.6717490789697664,2.6866587248371747,-0.78623426
2.9249799118803956,2.5402483217134946,-0.7286264
2.805650439891986,2.8332441591932516,-0.94723946
3.9726698609947224,4.583698826556462,-0.10901377
0.6890698923934885,1.0162680348847986,-0.15737088
2.567113477280005,4.748010283335267,0.009531967
0.518866389261714,1.9663127697952931,-0.20057328
1.3351234661086497,1.351048437328387,0.08345861
2.4693070371826003,4.416553947133786,0.06366116
2.725231654986585,2.0511914766337784,-0.4032285
3.315791804339272,1.0271832769054068,-0.39558777
3.4611389778120136,3.9170222521468823,0.7139154
4.390175832005477,2.948975213047799,-0.03939801
3.4276376136850537,2.7535670256042675,0.916538
1.7431387144989534,0.08288707440665954,0.6489448
2.356410838524644,1.2377511101471106,-0.23078106
0.7481770253549042,3.387219384021354,0.5470764
2.652639002101418,1.296501479466623,0.17384598
3.706782367892583,4.352654769193155,0.10921989
3.451150010628858,4.245556280520192,0.44981608
2.49669020511812,3.856271319795257,0.06258202
1.4923064245665785,2.9501578384203637,-0.9073624
0.5882498306124739,0.44547191848021417,0.17982532
4.14290756860276,0.8739431789493285,0.61440206
4.0266398975432836,0.053698148503397714,0.9577567
1.8405781789851088,0.9199355350692634,0.13353197
1.3243324522015332,0.9504883568996358,0.19293661
4.496754255051812,0.299062004880134,-0.45199296
0.2843150716563875,0.22402746520448658,0.96420884
2.8046585547753375,3.6118242861356875,-0.8857482
0.03482876356754483,3.465851380484464,-0.16412248
3.7272369520254243,1.0587161683084623,-0.10367962
2.817400116887589,4.365604979374551,-0.3393914
0.87285288189139,0.42708062156616156,-0.85564715
2.9928135501805313,3.6462778396854483,-0.5925736
0.6919773759441439,4.6884497536848455,0.007591256
2.662654601108244,4.34553669782236,-0.24382633
1.1520332259305188,0.9464535463668855,-0.2919337
3.0900978595033375,3.6519328217107088,-0.22198819
4.944959008878612,2.005169734791651,0.16704033
0.17431256032523712,2.9894817214075085,-0.7564687
1.3853547661613534,4.1290525079683995,-0.3305931
2.5803279699302477,1.3488085338132976,0.07221378
0.6453973971643773,2.1945051803090445,0.04965479
0.7427408173214367,2.838389497826111,0.51679516
0.9735738130819394,4.18851582970926,0.4942557
1.8087190568744553,1.5759755768725943,-0.0018007844
1.3504937745732932,1.6633148955733095,-0.041871548
4.825243683884497,4.53383431789449,0.15010959
1.437683979236322,4.005180192138981,-0.5109921
2.9009738088946695,3.1907679901990327,-0.93193036
2.519720300285599,3.006316564661838,-0.031903222
2.77717129790721,1.071566823384766,0.4635552
4.047059506778858,3.379274957721088,-0.9551735
0.9244269710041692,4.566824770161688,0.14443676
2.5962534499556176,1.0358211516567533,0.20555054
3.234095163327142,4.0881267340446605,0.2607519
0.034148964551679595,0.13742095938237775,0.16836473
2.5067285071256973,1.2400730294619078,-0.010570359
0.6397108876947749,3.0048799741425,0.05640551
2.2146719981496368,4.523743049578058,0.18694274
2.436346866535009,3.1344855707995056,0.37525812
1.4660661769515382,3.0343830644934404,-0.86117864
0.8180798549146445,4.943541909379251,-0.1862543
3.9990633975429244,0.2323810786641861,0.88647723
0.6981802081600536,4.9691703454446285,-0.08697434
1.4613641668811277,0.8132414868574517,0.5868586
3.494664313322361,4.427586963223438,0.2756882
1.6657921658871873,0.40675345464922574,0.8166909
3.6898627210799506,4.0544024845953235,0.23834443
2.560179073951137,2.5390079400269623,-0.19151889
1.4874105133650644,4.163923166288221,-0.47673187
2.970913871028826,4.890969683923592,0.1338872
2.3497481147936963,3.8517589192841655,0.5530169
2.9149136543888905,3.5296924092848423,-0.83838075
2.7758586070230256,3.4029772255319153,-0.9343667
1.187122000855948,3.768945117724294,0.27586028
1.442427697642918,0.8347641494803609,0.5376713
3.216036915123582,0.555943863083388,-0.30874336
2.858042705984174,0.1378026061623433,0.9788803
0.425054975832192,1.4377854610522816,0.112542346
1.5746219002715867,1.3866298680258589,0.18304877
0.0672185411702797,3.345549203243689,-0.32305896
3.1409430185629366,3.8192966626750207,-0.0027032564
4.954299782194866,3.2069078649031053,0.35266405
0.6051608059926994,1.8048093027286294,-0.026736882
0.20560771731036154,4.347936437168462,-0.30530214
3.7403696321024418,0.5492699577499954,-0.12559722
3.4125348436980785,0.3724234124006437,-0.90988046
4.529373624794974,0.22820526815205022,-0.5940309
3.618825745925762,4.628506404229907,0.05730877
4.836589994253276,0.5866882231720194,-0.6772632
0.2814002483133471,2.9699672307499188,-0.9721087
2.4740625127629503,4.531602403030623,0.03513583
1.6967185876154574,3.6801954619202775,-0.6938918
0.09954662087247323,0.8694930812405044,0.30809963
0.2852919233329754,4.288752940466704,-0.40678686
1.022409483547408,0.3728826194364693,-0.8578493
1.8949243567265412,0.6790266980562076,-0.038845062
3.173923669521389,2.779387223448179,0.15040675
2.474099861850043,4.227931927113878,0.0906302
4.564252455513612,4.854877030098557,-0.10478653
2.9219332698419893,1.8795666455321065,-0.27061933
2.5121546280760247,0.3769494024450837,-0.0052003767
2.3478673989453873,2.7046032345206736,0.6665992
4.1795951940794485,3.994389041296993,-0.5842981
1.0544640344328244,0.7391324479072919,-0.62624466
4.910249275815461,1.98312409128033,0.22005107
1.7240371024225936,0.8119527081590178,0.49588877
3.4971006754136793,2.217148913736258,0.5892838
4.480774126439467,3.8509795308420007,0.30441165
1.8720308392462441,1.1262377175718723,0.027860468
2.2469312341050767,0.31245870269124565,-0.9246988
0.8699110143866878,0.6390354112770419,-0.7504852
0.7694123930640551,2.067621355582183,0.30896774
4.781406248857183,1.152372765702968,-0.3824562
1.3814167932140125,4.610857261965108,-0.059281733
4.673540518413164,1.0570965084219712,-0.48214445
2.277702007646149,3.4653452618817586,0.87592024
3.9480075181735286,1.4146668436468062,0.12096758
1.13152485857055,3.9513664512174564,0.40387598
4.651214290295346,4.040681987834329,0.5934841
3.420617514439155,0.17225316096114773,-0.970039
1.9882684150617558,3.6783471524461153,0.42438447
0.4757740169946456,4.360890603583323,-0.23784263
0.6437769130733811,0.4230073264678258,-0.070282996
0.447144118171639,2.519009608164157,-0.6391857
4.0465255680770875,1.2590564395307942,0.30125812
1.480618852633826,3.822183539259485,-0.69938797
4.715166758083974,0.34484272970664087,-0.9411954
2.3200068443030126,1.0208460373105521,-0.42995214
4.004656733375063,0.8434648511633097,0.6132837
4.666707247673187,3.1886989829783072,0.9732119
3.3225017623707567,3.8478034983478064,0.5979846
0.41050702711921905,3.7577605160685867,-0.7233455
3.7801350677399603,1.0569927407686663,0.025138242
3.753861598886676,4.937514623596361,-0.017862473
0.2803957315341077,3.6467537089871387,-0.8626396
0.07899026720280478,1.5532077933010284,0.0066299145
0.6521451105626103,3.8947694839703284,0.086778
2.1403134192830175,1.6687920103494502,0.09346997
1.0762734280609605,0.7468991906840688,-0.5757487
3.5261901308739843,1.20874267657654,-0.33245754
4.631839459629358,4.396274981525658,0.28606308
1.0245928193162386,0.47870231310609357,-0.8139072
3.5695377130004684,4.900565609119262,-0.15753925
1.5662137290490281,1.3587253860994992,0.21036804
4.572135128437828,1.3137014497553945,-0.19421473
0.5642283940944376,3.0260084675912866,-0.31293207
4.897865977669006,3.8938101144120134,0.43796384
0.9719870400147373,1.7896010762712105,0.21463603
1.2529616253770444,4.232005228912165,0.0083569
0.5269398766897482,4.733212432606614,0.010134764
4.333626382719892,4.102424844839911,-0.18172047
0.6181134427744578,4.930560444182555,0.011010398
4.322184135696193,2.994281856500538,-0.36715382
0.3211041684394411,1.3219541171352485,0.2461562
3.0927904632386163,2.642474635152002,-0.21213147
2.117971911348273,3.6074650871381793,0.8208903
0.5857657179059661,1.95391440184912,-0.07902206
4.253882809034276,0.23694160029051892,0.6421725
2.372400603087135,0.42141634223519464,-0.591037
2.5934250785308324,4.349526969933498,-0.1382646
3.6061234916779004,4.170005229249022,0.3771484
0.18337963412150993,0.1847957114517268,0.7802055
2.837506438145972,2.997096213265626,-0.9883168
2.0083277792812995,3.654681662590202,0.50392646
3.0265992474092878,1.6321338413146762,-0.03334913
2.064871258420351,0.9166024261429073,-0.47647738
3.363044414953016,0.7051730978736309,-0.68117166
1.141569488880948,3.4609200005237373,0.5166661
4.559262350266328,1.6375279688809963,0.04803096
3.6917780892731593,0.4869351051479165,-0.33658734
0.08638749829441017,0.9262710646861877,0.25155976
1.6982958777414336,1.5169312642356636,0.04344026
0.9346376468567263,0.4434002030864542,-0.9024321
0.6147119142151214,3.8515728980712933,-0.051505882
0.4452659975454365,4.7990352488751045,0.06859587
2.8465039013386377,2.087256703127871,-0.4915678
3.131017126704672,1.598423112346719,-0.0015081862
0.9873615044638079,1.560835409038401,-0.009673945
0.5749788477041523,4.451851376191985,-0.067813784
0.21603451276315577,1.9875529648118802,-0.35693178
1.6629725509269129,2.534025202122997,-0.7353253
2.5206070658438144,1.2363923063160454,0.011995263
3.867335788215084,4.007149999411318,-0.30339617
0.42759319313715294,1.5996461029653009,-0.024370562
2.49320774185674,4.534970333912588,0.01764304
0.7049375740568925,1.8319476512986255,0.09644019
1.2217557769228582,0.5502918801885098,-0.14800039
0.5702863806988245,4.168029154530316,-0.14838493
1.3792009847486537,3.8630141095007775,-0.43191496
0.8358222478304772,3.0696751311604027,0.85892355
4.9945417847773745,1.0834278284492815,-0.07465895
0.9624708289637041,3.4984467229654275,0.9323295
3.3281010584125377,3.013864446064511,0.7967031
3.0939338945839507,2.1177223932698377,-0.12273666
3.7827127610956666,0.8453852029821168,0.042463783
0.9602384001841335,3.9977554245130777,0.6528099
4.553683224162826,3.760154884416269,0.57164586
0.9108987685235431,0.524765836391714,-0.85454136
1.2542949042172458,2.4819493895113496,0.009074615
4.485653329747685,4.036709187428497,0.26465994
0.9110856647623328,3.6186205196904524,0.8776394
3.905611951663615,4.787795673493989,0.047163572
2.0369162646905856,4.143772309575909,0.37079895
1.4729524236069458,3.6330439640393624,-0.7782778
4.869850148062384,2.2125771460014025,0.42257407
0.5807809953758258,3.709301813749212,-0.19851309
1.4560417705134432,0.0720720862595442,0.8378232
0.453333130863382,2.4533235885585243,-0.5928288
2.426797232195926,2.675617644608648,0.37439707
2.768352212535251,3.995404817068535,-0.62878853
4.022336925544148,4.8506779768061055,0.131112
3.66440844641423,2.489649305955135,0.40015337
0.7408572140259639,4.341656968360509,0.19330318
0.14769438108375277,1.9973683214158933,-0.278582
2.6176514847704704,1.2229085147218055,0.17005461
2.8508562024431914,2.405373411228494,-0.73596185
0.7199647487337563,2.9260712781337577,0.43212995
0.6986249684726703,1.1613748189219812,-0.13700856
4.687191715930352,4.013556374484663,0.63832784
4.254921084373624,1.7884743923809747,-0.14187156
4.341965192708353,4.832574421803714,0.0332996
4.511707940008074,4.316559493251189,0.20710298
0.8534095057395935,3.7979696504392684,0.7148423
4.201786170717216,0.8339701545056394,0.55881304
2.995858574508822,1.3161129829858558,0.16780247
0.5829278791134257,0.17616833150675693,0.22148141
0.560641155162982,0.7499667895950629,0.24283753
3.0053020829336203,3.178630040660116,-0.62961286
4.6444178187386385,2.2146716695436695,0.56580263
0.8958646928188585,4.980094023598332,-0.25755858
4.890148603247974,1.9697278991350597,0.24468647
0.5257110668189491,3.1152408762909323,-0.49083295
4.646789674065051,0.07923890186503468,-0.9435483
2.3813793588474717,1.976504068647908,0.24172132
3.9322462171768144,4.462214217631015,-0.17966941
0.5141550955910634,1.176792357433047,0.20746627
0.2717038176940262,3.150902785612193,-0.97755504
3.3868846735905467,2.794758939362772,0.88542175
0.9871859030372049,0.24782961999313402,-0.9453104
1.0239306285611964,1.3079139587775679,-0.23855764
2.546723665524673,4.111670967218817,-0.09431599
2.481692176724628,3.821633526381232,0.12222073
2.05211537428362,1.6652172116870156,0.07002983
3.080065243902246,3.8176715917890265,-0.23613681
2.1728091860637218,2.7817257715240764,0.9280215
3.4730496694810014,4.022671694353761,0.6337886
2.6095919463584716,4.588482655032261,-0.05720163
0.1024992752269499,4.398672007722009,-0.15130605
3.518056797556659,0.04413807421227156,-0.950911
0.04505695473275617,4.580020267879037,-0.029587042
1.8708309688388796,2.9092522065852657,-0.06854855
4.504529030663887,4.279138685281201,0.21279822
4.680695226577283,0.5330275732417294,-0.85046214
1.8238550761055372,2.951852326391706,-0.29531956
2.864038769613236,4.44253055836654,-0.26200408
3.948462299151043,3.7408179571042273,-0.64314425
3.7283103511414084,0.11548260091489515,-0.20493367
2.1968421485096385,1.3771862807695863,-0.19247054
1.420871022507706,0.2031010181929449,0.7169699
3.34576164020084,1.2551029210113662,-0.26461765
4.937299508040315,2.2272786184456956,0.26335305
3.626814146081328,4.379818547645354,0.21418922
1.4343206258575358,0.4088940160413357,0.7120674
0.5519671111265911,1.8472427865689327,-0.10172666
3.371773422462038,2.7431550154448257,0.84155875
4.943882949616405,0.8903583894621486,-0.25269786
4.0446977900260075,2.1717580093021622,-0.55454487
1.835580945527835,3.220798539492943,-0.24357614
4.084389301472481,1.597021428131341,-0.02629093
4.788683992599721,3.719627196040361,0.77725875
1.6635576876437541,4.9765707233151915,0.23343655
1.7044264319597213,0.6574800898585559,0.62148446
2.7510815906676527,4.763223479094788,0.047112115
4.413598944241223,1.4053930038393392,-0.012604749
0.0812685777512745,0.5281028874313731,0.34122485
3.747063216277258,2.0276385516544764,0.050420497
3.9326208478663185,4.575542285414168,-0.09923367
4.64934964871758,2.3236984508690957,0.64990664
2.226290537523078,1.6468341651931602,0.07518996
2.9977128508320483,2.6479727594772084,-0.58017117
2.3678097943495855,0.8070252476347112,-0.4599438
1.5616897450717175,1.6540788655330836,-0.08328981
4.610720493508651,2.512673201553724,0.70619076
1.1764090745544908,4.97747687744056,-0.10208925
4.679415583617784,0.03770693365011846,-0.9856772
3.380119914843907,1.1296969815362912,-0.39656752
0.8573933436106723,1.3688676303229474,-0.18286043
0.3735836827440697,3.541332768948947,-0.8808204
2.114898537523006,4.349878860726267,0.32360795
2.491139511096418,1.550624423199991,-0.0022757442
3.3996864877998503,2.8905905636313562,0.93072164
3.759373094039253,0.6282224317091517,-0.042620197
2.1548746363194518,4.463138813897706,0.2407718
0.03637849787032077,2.443715628643895,-0.13864948
0.8276259014513077,4.970141705298205,-0.21399076
0.01930457812025055,4.217011925405914,-0.045672763
1.9222894591599027,3.150058046328229,0.18546991
3.9126549290235655,1.1037055236434328,0.29478762
0.41889200928891257,3.1722532594318276,-0.8654341
1.1066447259390992,1.4796655519726594,-0.062100403
4.739791105749379,4.313705396883779,0.38464925
0.5052932647742814,3.664562009719743,-0.4999817
1.2623119142093082,4.332478242465367,-0.010808114
3.1465354515463932,3.037881562067664,0.024518594
4.873015963149264,4.726316981393827,-0.009611732
4.923111845551251,0.19657239336410726,-0.4849783
0.8655332308156727,0.12360140485925708,-0.9197745
0.1579072356572847,0.272619328278465,0.683794
3.5195534550112733,2.998568920770212,0.9398117
0.9750469327132799,1.4913705749063393,-0.078235574
2.2902937658966054,4.9464019506545105,-0.20828663
0.05221483689420048,1.319956511821665,0.0639693
0.5180043470175411,4.078400221444815,-0.31019145
4.389305745395301,0.028764781513537785,0.044548955
4.761891392009879,4.63313145789485,0.07664792
3.8662004696930525,4.017179502403795,-0.29674512
0.35145986397639273,1.3171803733934784,0.24659164
0.1572551947591211,2.9161701571115155,-0.6897474
4.528977847362663,1.6368358054889947,0.040111005
2.966582697307871,4.366135798421274,-0.2603872
3.824327807552499,2.8281074713960166,-0.25568023
3.584664123997989,4.632726505920307,0.063574314
3.731107148132754,0.7300962828230717,-0.14360815
1.2712420885463083,4.188584268125604,-0.0364089
2.2770503857620583,4.8278131598069045,-0.10648015
1.995927993588686,3.411810920708833,0.507911
2.0029385000118394,1.9514813428712845,0.20678048
2.307095574911057,4.111265125987825,0.48524472
2.741289170585481,3.530455754114289,-0.8408103
1.4770601049153647,4.967779089321892,0.22549528
4.403747794536641,2.278320643507838,0.018002471
2.9599629738908115,3.5400622122411907,-0.726612
4.717041555155835,3.171016053130686,0.99928564
2.5081743262605154,1.3024920355105185,-0.006846255
2.227376035588027,2.4842728518812516,0.7836623
4.279391758806256,3.907928853538613,-0.4032544
0.5518629802353658,4.214043907143622,-0.17835876
0.7173616590723858,3.075766809832738,0.42982343
3.9513820567703735,4.7269579734690765,0.011522541
4.500638054103897,4.073454604875333,0.29222062
3.799170300787014,0.8163988413963846,0.09979847
4.01624444442043,3.0176233353729405,-0.935768
0.7209942750783283,0.44589079667571696,-0.40309253
1.9931839574249788,3.9173718428222415,0.36776596
3.8338607855310776,4.454848906878933,-0.08024174
2.2788353230754543,2.803877702118694,0.8696382
3.5350336103859075,3.2445192479746825,0.9177139
0.23648099086960084,3.0624843485737947,-0.9226656
0.4990577683652231,0.6801321155062046,0.46814293
4.812713166111914,4.309598213981519,0.34359288
4.758416258853014,0.7051476138863305,-0.74144804
3.189555080200318,4.069041782422794,0.14246698
3.667825592006043,2.445452774322971,0.3748573
0.6619033665117463,3.2335674002229213,0.16632874
2.895627384646606,1.0281979872710312,0.4865169
3.0403498499155934,0.19137539930213887,0.47612783
1.5196612564839052,1.0788020047635682,0.45719314
4.467854119661978,2.7748318340451754,0.31852955
3.5710776923668677,2.447137903950197,0.6440558
3.447667059807948,2.8183183127450047,0.94750875
3.432011947531914,4.523234239051101,0.18657328
0.15038941204446543,1.86622387347126,-0.19888465
3.6864141590522537,3.8113881470192412,0.31777027
3.7761779046276143,2.8666463247919367,-0.030277593
3.7896939417838,0.7716079274432619,0.07090664
3.063378820612819,4.581938182947388,-0.049455874
2.9999730230793205,3.420913784745915,-0.6250661
3.2711577566625594,4.877002555938987,-0.098788306
0.5887068101683285,3.639612956089419,-0.17277202
3.4394683007680147,4.903399004040352,-0.18922852
2.8645149587000907,4.4613564089706585,-0.24422555
0.7484607598390264,3.919006057128022,0.4028997
4.646702561996958,2.8446221118536035,0.90525085
1.379585381638132,4.318756421585436,-0.22113189
0.9922967771238028,0.19803877884575494,-0.95019627
2.4129588475997448,1.2920308091054145,-0.13225241
2.45297084058485,3.3712124902437695,0.28914058
0.6141144109261987,3.5206529060869185,-0.065998614
2.133463172091904,0.27281578071911783,-0.91163117
1.613756075235645,1.9309195187838264,-0.34425935
0.4572753900017795,2.6546563665568943,-0.66700786
1.715751363842254,4.682621373728762,-0.022206152
2.62800704555261,4.88630368665163,0.093910486
3.240334159312375,2.6169052737666787,0.41034073
2.5828910486766334,3.3651802166474605,-0.33272567
0.5181388171519158,0.5016969914503366,0.45881993
0.6787599318101611,4.992508419422758,-0.06899548
3.5867984760870266,3.9997305852038627,0.51852196
1.0032100318219472,3.8574009855577938,0.72012216
3.4223092439870406,0.15869421898532798,-0.9735655
2.959585279760824,0.6498706228448681,0.6285814
3.7853938057323866,4.485590325642262,-0.01726716
3.0939417556791513,4.634145184265136,-0.018415751
1.453509416308888,0.7139490768341095,0.62964094
0.05840260072247805,1.9267475668751337,-0.10053422
3.395992846970314,3.776668431031365,0.76937497
2.17437726709252,1.34838276882068,-0.21906576
4.8298698428695825,3.7138901923591465,0.69980013
3.659298785850253,2.4085028967632316,0.39040664
2.3664945054499946,3.0494300904066507,0.66691524
4.712881049067434,3.7778541974923967,0.8042637
2.6977834514157735,4.224272641758169,-0.37388232
4.04740123173991,4.728595623068129,0.015807474
4.423086097717557,3.8503569363300443,0.09381977
3.098268691922189,3.911607361154113,-0.15427601
4.995635697099021,1.0423650324093887,-0.07771572
3.6069988354768574,1.4101014900902142,-0.11626138
0.3485328314329439,3.721560231911525,-0.82415503
4.73820094322118,3.56358575185455,0.9047094
0.45841352561967696,1.8671301864713756,-0.21930316
1.2077540486766802,2.565288263213849,0.20305993
3.56320408550324,2.4307562835384906,0.6511012
3.518861409251422,0.6666759996144778,-0.74699754
1.0642629994089703,0.8318360948847853,-0.55252546
0.04266718773352551,3.2440744756281985,-0.21064529
4.1457654335576075,2.877148231578382,-0.91961473
1.839551276372604,3.816498868002534,-0.17562328
3.3173393377076583,0.3965730002714746,-0.7102301
4.252765922808854,1.3138155652974821,0.1691427
1.8812676185163069,4.849143335565863,0.0024153127
2.1512210540741545,0.6243752123789464,-0.78814054
3.576035028345215,2.21892968241952,0.49767363
0.105013477690864,2.4549288120147046,-0.38757753
4.308976016090675,3.678950609944569,-0.3708182
2.9477943860831974,2.6379165123833093,-0.7220266
3.02704806805497,1.7951524773356846,-0.120445326
0.576144528226703,0.050670159539348836,0.25770867
3.395070850518007,4.217664504565775,0.45312732
2.4121332069860135,0.6165062671729582,-0.3952363
3.6069549055804635,3.116109712924508,0.7272791
1.7651004512347064,1.665051341964906,-0.053155664
0.7874555038450304,0.2646704648986409,-0.6894331
4.82966588739894,0.8432053253680344,-0.553982
3.158496874043248,1.7554069639668408,0.015604169
0.1395770231325233,4.551455026907615,-0.10283588
4.065593541466263,4.778130006555118,0.06534491
4.262809000110935,3.032134089511623,-0.6227703
0.7328842706794936,4.237571941904212,0.2281967
4.652481418640641,4.476767563562227,0.22303359
1.88685579990103,0.08151676600482938,-0.009491892
3.3995547174096745,1.0394231294198786,-0.48687515
0.08933946657307679,3.4924901984545857,-0.40562513
2.210619678783033,1.005591732366819,-0.53453493
2.8517067617552856,4.276071507100463,-0.41946676
4.942561338571755,0.1479063202909675,-0.40338248
3.1635418696585345,2.7659668388831964,0.101845555
0.2279633560193317,0.23577233172449252,0.88342696
1.6439573982223283,1.932933770067304,-0.33081058
3.395761805940701,4.587995292253174,0.11851055
2.0718321928515597,4.265094194384646,0.3480627
0.8709563788748825,2.8417902837698783,0.89501107
4.5289209260279915,2.3903133633822375,0.44438154
2.8947182960074103,4.645617301402535,-0.062945046
0.7064796373835774,3.2172499208250596,0.3799112
1.6628031608575156,3.8450902266572258,-0.68328625
3.5999129715616336,3.7276230001004236,0.625982
1.2357558784374705,0.8920616891868732,-0.06554901
1.5546861065812605,1.419495295475881,0.15020849
0.02846801860378001,0.5530330169409542,0.12080203
1.4306868644363047,2.9638857961422858,-0.75246674
0.9368320514808881,1.9825927340555043,0.4001465
1.9463176755073857,4.353041067326748,0.106225066
3.9000184823454624,4.409617079213185,-0.18058291
3.5588389119623915,3.09384819225356,0.86916775
4.283841901200432,4.477389820406526,-0.12599023
0.846785746909095,0.6101828474360893,-0.7273715
